user_id,age,gender,location
3f49044c1469c6990a665f46,19,other,Addis Ababa
15e1576abc700ddfd9438e6a,30,other,Hawassa
a6f601b7c855d45c6b5b182a,22,female,Hawassa
bb640eb8250ff322567a4012,21,male,Hawassa
fa890200036e527ebb5cba50,30,female,Addis Ababa
1ab162d05561afc0289e1533,40,other,Mekelle
0af19a1d9258ce39a8527107,41,other,Bahir Dar
21e3e8ec2a3609aac4fb1b9d,28,other,Mekelle
76df56a2b96dc2ebf3f1f57b,18,other,Mekelle
143992f0e4bb5c632a679004,42,other,Hawassa
b7843d8a594c9d4af5174a94,32,other,Bahir Dar
afdab7ace8325b2fa4c73573,23,male,Addis Ababa
684190abff94c96d2ecfb473,30,male,Hawassa
7f6ba2374190223ae6eb3445,26,other,Addis Ababa
ce11f5ec5fc3352520dd6de4,36,male,Hawassa
b29ed66f28200bdc7e240121,40,female,Hawassa
27766212754d574cfb952d64,30,male,Addis Ababa
c98ffe8ea8f768e0f99ef3b2,20,male,Bahir Dar
8597510055df1cd34b8925ff,32,other,Bahir Dar
1684ff63099e2d71ea3328e1,19,female,Hawassa
e769ea64edb538422d0207d2,45,female,Hawassa
9ce2213a41c96bb031d257bd,42,other,Mekelle
8d6fcf70cedb6eba30ea92a3,35,female,Bahir Dar
0f2bba442157c88c8cd7d0b3,35,male,Addis Ababa
4449f8fb2bedffa9deef5d42,39,female,Mekelle
1b37181a45a73fb15266917e,18,female,Bahir Dar
c0474b77b5a05f93cbed3c77,19,other,Bahir Dar
b8c0e0957da7fb04f7b5725c,40,female,Mekelle
aa51daacb70f69670ef2e055,23,other,Mekelle
ab22f68c609f14593ea17164,25,female,Mekelle
ca131c4561dca5734e0f8d78,22,other,Bahir Dar
57234cfbf6994a1e8de7e139,21,other,Mekelle
d019d721dde0c2901c03f695,39,male,Mekelle
d0f9043bde607f4b5a790cca,44,female,Mekelle
249a14fbf8f01d13c577d69b,37,other,Hawassa
0cb466ed848f7217061a9d17,29,male,Addis Ababa
75678f9034810547b15910e3,31,other,Bahir Dar
1d42d809f2422f6c0c8709be,44,other,Addis Ababa
c13f2e29ba92d6ebd0d806bf,40,other,Mekelle
656378adb052154147bf878f,40,female,Hawassa
c9c8d4a31fbdb6ac0abe1350,31,female,Bahir Dar
c1ff76eae8e76a4ebfcbb0cd,33,male,Addis Ababa
de35737dd6c96d37fe379295,41,other,Bahir Dar
918710aa36ae81643dd838ff,20,male,Hawassa
24a019b0b0fb3460df0585ae,26,male,Bahir Dar
a86c5e12a6b98689ce4a990f,41,other,Bahir Dar
f1b91c1f5f2444d640d9e9ca,24,male,Mekelle
728a93751aeec33fdcd71e74,45,other,Addis Ababa
affa9a0ea9c8bf4e0064cf7a,18,other,Mekelle
9624b6e6ae1fe195805b9ab3,23,male,Addis Ababa
2b5c42b673bdf8d8980a4272,42,other,Mekelle
90477a06563cd228bbf0b90f,32,other,Bahir Dar
4f9dba784e8c16a00c874377,39,female,Mekelle
dcf67b8cf654fee033ea7cd5,35,male,Addis Ababa
aae1e2483a1bd9d46fb0a9e3,40,female,Hawassa
873df3bd28509baafde8f0a2,22,male,Hawassa
5a642f7d0b09c8502696b7a7,33,female,Mekelle
f04e6876a97292bad7c1bc34,22,other,Hawassa
15bce0909fef3c5970e86356,45,male,Mekelle
8e9300d800e052b8025896be,32,other,Hawassa
9e146e7ea97ebde154208d53,24,male,Bahir Dar
a70425350fc8c4863406a953,38,male,Hawassa
837b4edf772726e60795cf52,44,female,Addis Ababa
f992746b2cd7050492238fd6,20,other,Addis Ababa
fcca7cad85df7ce0fbc25125,39,other,Mekelle
5c2a21c33537e31080af644c,24,female,Hawassa
481dfbb60357b1b63041bb94,33,male,Addis Ababa
5c4e9af71dd38740b14167aa,36,female,Addis Ababa
dd338ad752bdd0ef936c51f8,44,other,Hawassa
0d81f34c08968f2d6b7e2804,21,male,Hawassa
803014c156fa2906abe4a07d,25,female,Bahir Dar
0ec3609296bd5e5443278868,33,female,Mekelle
ab3db595c5947003843945b3,37,other,Addis Ababa
2ce05f5c887f20600586c277,20,female,Addis Ababa
26665af1fefe516ae57b3e53,44,female,Addis Ababa
4a629fbefc1aa8afd860dff2,31,other,Bahir Dar
d7a427511b201bda64cc8cfb,38,female,Addis Ababa
65b2147299b492a688676b9a,22,female,Mekelle
c821c0b1666262426646eece,30,female,Hawassa
8916e4c4e0aa5d2cb7b7832c,34,female,Addis Ababa
c0f06f0a3f6b984f4874aecb,22,female,Bahir Dar
cde993d645c6e7deff3e6249,44,other,Bahir Dar
d1217d339e6ed977d322b4f0,41,other,Mekelle
2069c63873001185172691c1,20,other,Bahir Dar
bac7ecaa6394c30b5e6b7c64,28,male,Mekelle
7d8cac73fe4f2bb2172785be,21,male,Mekelle
e46aea5d15ce11371c595ab7,19,female,Addis Ababa
47418fca5791906c29da0f7f,39,female,Hawassa
ac3487d06e4bf254371ca2ef,24,female,Mekelle
9e38b1001f34bb270bd04865,43,female,Bahir Dar
63aa8ccfc0aaedcb24e71e48,24,other,Hawassa
2a998ded447c7a9e46f4f4d2,35,female,Hawassa
568061d260dbb2f26b9d5429,38,other,Bahir Dar
326f421512542b217553c806,23,other,Mekelle
3b03c1c414cf5d13b98c52a2,31,male,Hawassa
fb0a2513da5f32b4e2a374f6,35,male,Hawassa
7ad34a04b8d3128b0002edf1,39,female,Bahir Dar
05a5a29d946bfe24e43e525b,22,male,Bahir Dar
985066493f782fb68d84dcef,18,male,Mekelle
f33d562b2f4d16b0b2340afc,37,other,Hawassa
985afe5af93dea7f3ce6a509,30,other,Addis Ababa
5ebfcbcb254a4fcdd783ab18,31,other,Mekelle
03c64c5b358dbc2953c95289,20,other,Hawassa
3df824dbc7d1fec88c471ade,25,male,Bahir Dar
f6e978f2be7b355e4aba1ea2,23,female,Bahir Dar
e4ca31131ca8b334f93aee37,23,male,Addis Ababa
e46dd319477ba4f8aa19f3b5,25,other,Bahir Dar
d30b9c9de3098cc96337818c,26,other,Hawassa
f870e5eb0e2938a8343a4a0e,40,female,Mekelle
9665d584ba58f86195f4b618,39,female,Addis Ababa
0eb3d110ade537ad43323c21,42,female,Bahir Dar
5cb89b5abcfdf3243b9b6030,24,other,Addis Ababa
4f008ca6939f6720741ebc7c,27,female,Addis Ababa
8aac4d504a4678c9060f15b4,30,male,Bahir Dar
12773ff40c31731d10902b5c,40,other,Addis Ababa
94c015e80467abdc182c237b,42,female,Hawassa
25f0bd53c65efbf0dc0e7f87,34,other,Hawassa
e6d7f5ad6eaf34dace0128ab,27,other,Hawassa
509a6834c326669ee0e254af,30,other,Bahir Dar
62aec0a3e68d43f949dc131a,37,male,Mekelle
24822637cfb599c4e4768035,20,male,Hawassa
f5070128db36d8f8a209933d,44,other,Mekelle
7e7630b5947f69e5041aa3f3,23,female,Addis Ababa
e2b302a9bfb6666b588f0d84,27,male,Addis Ababa
07240b23c6f264daa3391cae,33,male,Bahir Dar
689c5f9f2771292a0ce85aa3,26,male,Bahir Dar
2abc284686b4dc0b36647304,30,female,Addis Ababa
12408c9c55323658149f4981,39,female,Bahir Dar
a7d1604b24b4bc078d838732,45,other,Addis Ababa
8dc469aefbeb4427170c0ad5,44,other,Hawassa
d0732364726e6527d17965ba,29,male,Addis Ababa
031fe9a92a968ceb165d57bc,32,male,Bahir Dar
93ba3eca946e84d6309b40c0,35,female,Addis Ababa
b40cbd62844fe12ba5f1313a,43,male,Mekelle
6855d4f4cbb3193662e3d943,27,male,Mekelle
9065530a5d883d1a8ea71430,19,other,Hawassa
f2895a5570ec4b0302597b92,23,female,Addis Ababa
873cce2cda10d60f65857a90,41,other,Bahir Dar
6c42df3eb2a90268310d2620,18,other,Hawassa
61d7267f78311a494b2fdb9d,37,other,Bahir Dar
65e09aeee56e70b04ddf2f5c,24,female,Bahir Dar
3d6ba6dca5fcccd530706798,41,other,Addis Ababa
6b76198731392cb81c8decac,28,male,Mekelle
c41f77430e86df72e3f4352e,25,other,Mekelle
a7cbde5db900cfa608fdaf18,29,male,Addis Ababa
e73225247ffd90aa9e7319ca,39,male,Hawassa
e50dacd9eaed526809f9228a,24,female,Bahir Dar
185dd59f556cec8715a4068f,22,other,Mekelle
3f944a6c790e7ecd58255316,27,female,Bahir Dar
ecf1fed12b61c81b5609dddd,33,male,Mekelle
cfa9c6fa34680e7099f4ad94,24,male,Mekelle
6619f7a7a5452a372a5d7a3a,33,female,Hawassa
1534e2c9be791c55c9492040,37,female,Hawassa
1e44de80b7c324cf5a75ef89,40,female,Bahir Dar
2df794f723475956b632f920,42,male,Bahir Dar
4395f6606bc7089d135aff79,43,female,Hawassa
cf8e90c4624c6d62abea8a13,21,female,Bahir Dar
2821ea81a32d929341d713ae,40,male,Hawassa
561e2df810bdbb85ce850639,24,male,Mekelle
da106492ab50ac972adf050a,45,other,Mekelle
908de066f3fef8eacfd57cb2,21,other,Mekelle
6897082f2abf5ea418f647f1,40,female,Addis Ababa
874f1910649a5729d0560062,42,male,Bahir Dar
450ec3e6e83b91b4d8ef3101,24,other,Addis Ababa
6be56934b35be9343453dcd4,26,other,Hawassa
35a49c8dcf450f1446da29f2,21,male,Bahir Dar
6041b6be18b8ffe00555829a,22,female,Bahir Dar
91cd07b887e92ae1baff89fb,36,male,Addis Ababa
f147475ca37a1adcb0b27b40,19,male,Addis Ababa
0907f785f02852c450f0f6f9,43,male,Addis Ababa
5114ef923f1769cf0eabd709,27,male,Bahir Dar
efe3d6fc7b323ddd75a80ab7,24,male,Bahir Dar
a0d076b5c267a3b2f3a80ee8,44,male,Mekelle
e044311a203c05a3b8c4f4fb,37,other,Hawassa
706d240ab598ce34d34a141c,38,male,Bahir Dar
7107a5cb36ca347fba5485f7,24,other,Addis Ababa
baf4859d994c7e8e86565d83,22,other,Addis Ababa
403554479724e512dfd77996,44,female,Hawassa
d2cccec811af0d36a79bf31c,32,other,Bahir Dar
c4feb1fb4b381bb1d8460661,32,female,Hawassa
3773057c39aa2e58460eceb0,19,other,Mekelle
985172a265b2cf7ddb958fc8,30,other,Addis Ababa
a49765c998707290aae84e3f,33,other,Bahir Dar
127046cff380b94853360f04,32,female,Mekelle
219dbaf1d12b60c01a6f3c15,29,male,Bahir Dar
5bfbe0b673e320f0ff3cefc1,21,male,Bahir Dar
d58b392a5ba55a50a9cc5d23,26,male,Hawassa
73f00e1a1113367c574f019a,44,male,Bahir Dar
13658fe1551c040307f10e7a,43,female,Hawassa
23bc0a6f5558d4445755d06a,42,male,Bahir Dar
a84dcac4256ac3ecd7d6df27,20,other,Hawassa
860ebbbc6843699f497e09a1,32,male,Mekelle
78a304e410b39676e435a84b,37,other,Hawassa
ce36f9c8eb2c9cd78a4fdfa7,34,male,Bahir Dar
642a37bc1aa87c26b219683e,32,female,Hawassa
b7bbe64107fc0370b85bbbd0,25,other,Hawassa
8eb9fab8d39bc6474366178f,41,female,Mekelle
c75082cfffea0d605c0d4010,29,male,Bahir Dar
5cfab3b43e527deea9033104,35,female,Addis Ababa
ca3366aa4d6b3afa01101271,19,other,Hawassa
83dd9bea0271576c55692276,36,other,Mekelle
fd2027261e5301cf4e7a5d86,28,male,Hawassa
d88323a89a6711b41702f193,37,male,Addis Ababa
56aa009d65d4940575f18564,30,other,Mekelle
b6d4fbe903d1f37b614da003,38,female,Mekelle
39a3329b72dcfa162df195c1,23,other,Addis Ababa
eaeb9a9b3f5dc56e9d7ffd7c,29,female,Hawassa
f0fa885fe38ea4f48445fa41,36,other,Bahir Dar
5cac3416cea4ffc30f947fb4,37,male,Bahir Dar
84f413301e225779bfb81ab6,18,male,Bahir Dar
a582266c6072fb5963f212ce,23,female,Hawassa
67883f31f37d2cce0bb8fc21,26,female,Bahir Dar
982407303c6028a4d623a4e8,36,female,Bahir Dar
ed9897b3aca281482ba3b0ab,44,female,Hawassa
ac561ccef41c6e608761716a,29,male,Bahir Dar
0912fe3277af632c73c7821b,34,female,Bahir Dar
d5d0673fb34e9d34bcc53d8a,19,other,Addis Ababa
6e4dd6f79a3b2b4f10f9ef4f,41,male,Mekelle
5abc5b1e2491513fedba1574,36,female,Bahir Dar
868d5a56ff6daf6de3cb98f7,26,other,Bahir Dar
98c2c990a17f9c4357967b2b,28,female,Bahir Dar
516dcca6f88116f10e2572df,38,male,Hawassa
019f4bd87b7dd00ff5aa78c9,45,male,Addis Ababa
08f77a26c0a6f187f63ae6ee,18,female,Addis Ababa
2bf8defbe2097c27a2fd84e0,34,male,Hawassa
3c72f0050e8b2d2eb5f06826,26,male,Hawassa
755fc7a21a91f1a3ffd4f46e,37,female,Hawassa
1764a78c1dbdff9280be39e3,42,male,Addis Ababa
05ed9a9dfaeafaa1f9c7484a,34,other,Bahir Dar
89316f43a3a9ee6d63c24408,27,other,Addis Ababa
8277d10bbce0dd4598db025b,31,male,Bahir Dar
e6aa1ff3d630eda54f22a332,30,female,Addis Ababa
590efbbb92e5ddcad0a4c61b,18,male,Hawassa
4c5f343338e5bf2500d9fd7f,23,female,Bahir Dar
6253659121f5bdc20c27d320,45,female,Mekelle
e602a96ca292c8828cbdc8b0,20,male,Bahir Dar
9690071ec72ce687db6e84f3,38,male,Bahir Dar
d640ebdc5a2e034594b8a2df,18,male,Hawassa
c1806b031fd4a1cb162dd18d,21,male,Hawassa
7c3f7778e752e36995b791e4,21,other,Hawassa
d878818848686589ca17e08b,25,female,Hawassa
7b425d28f42c359ecb497616,27,female,Hawassa
743cee13f0282656b0f367b9,38,male,Addis Ababa
c70fd02cd06a479c0a811b73,31,female,Addis Ababa
74fde9dda3d1533d46a1af03,32,male,Hawassa
d870c53ee260aa03aa5502b7,25,male,Addis Ababa
0e8afc2842f6c8a4992ca53a,45,male,Bahir Dar
d530e112df57d7a420540e29,42,male,Addis Ababa
ebf8dd0b30419f58498dbf2e,30,other,Hawassa
b98df05a969880d39baa7deb,38,male,Hawassa
bf0bc1e6a5d24685166f3d92,30,female,Bahir Dar
7afc11b725033b4bba3eac85,25,female,Mekelle
6c921a6191c24310dd7bb45c,18,other,Hawassa
d30ed076d74518b61a8d6658,35,female,Bahir Dar
8e8daf285428efb16e8f8e93,36,male,Hawassa
13ba193b68542348c990465b,38,male,Addis Ababa
9a64eba70e5a950ec1bbb7d7,44,male,Addis Ababa
7a96682befab32674d1ad360,22,female,Bahir Dar
3c610753dfb32caf526dc45f,31,other,Mekelle
bf79a9b844ff8844dc0168c7,44,other,Hawassa
115e80d696e8d78796758942,25,female,Mekelle
188768e46ddc1eadf7041d8c,26,male,Bahir Dar
e2d22528f41e336f7e48021d,25,female,Addis Ababa
23c0b254368e7e4c9e17203b,27,female,Bahir Dar
a56e62dcc4c98abd538214ea,36,other,Hawassa
894f53bac198b3a33b710f4a,22,male,Addis Ababa
2eda0d69dd2a74550760a333,20,male,Bahir Dar
e7c66814de1712f66c33b4ff,45,male,Addis Ababa
2c01dc3ee616a62a57ce4753,19,male,Addis Ababa
03f340a55af55968be1577f8,38,female,Hawassa
4b193ac73a0a1c8cd29b36d8,44,male,Hawassa
15d0d0de8bbb1d4468be8ec3,42,female,Addis Ababa
3f2511e27a8250a498df644c,27,other,Hawassa
4140794f9f181bcf39d7e761,23,female,Bahir Dar
ad8e6accfac794af2c522022,45,other,Bahir Dar
f1851e249aca449c2b2018de,32,other,Bahir Dar
65b76c225119ea5666cb66bb,41,female,Hawassa
c7fcb1efcf6fdc473250f682,24,male,Mekelle
93607432fe0dba171ccb3b21,22,female,Mekelle
5a84e612991ec4610b4717e9,41,female,Hawassa
3a4103174f83f45bf9ac95d1,27,male,Hawassa
d6e59d8028d22f6c853b6b24,18,male,Mekelle
7bf015afeddd936a1687f270,31,female,Hawassa
f012b522c0e99eb93b180f9e,19,female,Hawassa
50f233af425b5a483d6e4ccd,38,other,Addis Ababa
9dc07cdc1916d1e1ceaac33d,32,other,Addis Ababa
99794cda0bbfb14c40c86791,44,male,Bahir Dar
8b3b4b6170e4c5dc9b43dcf3,38,other,Mekelle
23eb94d6f76a00a27f73cccc,27,male,Addis Ababa
12479ebd34dffab9a519342b,27,other,Hawassa
a6d3233bcb79cd9b52946c3b,35,female,Hawassa
1ae86afc233a16640db8b30e,34,female,Addis Ababa
acce29508436148a7b9f0167,23,male,Hawassa
85fe47c11504f84003934385,31,other,Addis Ababa
b8df30331183227f30dfaab9,36,female,Mekelle
553ab915efb84d75c1185340,20,other,Addis Ababa
9d79c5474eee6590db37c90b,37,other,Hawassa
0ef13f3424ee0a7f590082d8,21,male,Mekelle
7f961c4dc35cf7ecb577f185,19,female,Bahir Dar
a681a15b5d215a577dd74d0c,41,male,Mekelle
a141b15490c353ec3c99df30,29,other,Hawassa
4c8efea5dd5264137efa26cf,40,male,Bahir Dar
0f1e9601ce8c67538fa7163c,18,other,Hawassa
adfd2cc8250f3db5185e5f9e,31,male,Mekelle
6bbba0cca654069f14c5015d,30,other,Bahir Dar
68d780da2e90e99884f82798,37,other,Addis Ababa
c7f712d1865eb3efba08dae5,34,female,Mekelle
cafb8c81ee18a2d43cf2782e,36,female,Addis Ababa
4f6c52eb1b5131e3fb30b78a,26,male,Mekelle
d4dbf8e91a222c2d43eb2f64,42,other,Addis Ababa
873ef4c4d9a2394cbd058262,32,female,Bahir Dar
c4f54a955f39e3d317c35170,29,male,Hawassa
2094574b201a0a8993558373,28,other,Addis Ababa
ea6c2bb593af0ffd0f5d533d,29,male,Mekelle
aa91877d4094a73cf86fac71,26,male,Addis Ababa
5ff6ee431bb450231faba0d5,36,other,Bahir Dar
a830e08612e1ccf5fff3651f,27,male,Mekelle
c48dadaed97e77edfa6eebdc,41,male,Addis Ababa
24a2fd5262e134838b3dc9fd,35,other,Mekelle
1583e7e3bc8fdeaf202813e8,18,other,Hawassa
a8bac21ec1f30e640b0b4d3d,39,other,Addis Ababa
47d2b1fde62dcc3a497f5acf,45,other,Bahir Dar
6fb6ee5fd737b9f9816c2249,30,male,Mekelle
ec1e625dbc01fc0090bfcb85,32,male,Mekelle
fb56fca5c042e46e1d90487c,26,female,Bahir Dar
6e427c7d3f8f8525b7ab5fbc,29,female,Hawassa
0c36da16f6f677cf3bdc9f19,23,male,Mekelle
88648f7af4caef6aba35bacc,19,male,Bahir Dar
5bb179abedbceaab91b2dbe0,36,male,Addis Ababa
6b40557eb1fe2f61ae297994,39,female,Hawassa
22ab7b8e6956b9cc163499aa,34,female,Hawassa
853d69aa8036e535a4d3a8c0,41,male,Bahir Dar
cbd88a0277b7ecc761c069e3,39,other,Bahir Dar
04c1c1e5c490ea83c660a8b7,24,male,Addis Ababa
6c8cb5c462acf6ea256689ca,38,other,Hawassa
692d2007b6622d54d78e0d91,43,male,Mekelle
4f9a43f3eb60e6a5ae699b7c,43,male,Bahir Dar
8c33a63ec72b2c734f29f4dd,45,male,Bahir Dar
d4f9da889f3184ce04603bdc,42,male,Bahir Dar
92a3c585357e383c11759658,37,female,Addis Ababa
69d81e82fc3fef34fcb826d3,35,other,Addis Ababa
4f65a4ed723d4fe634142510,42,other,Addis Ababa
153e36b102c3caff00518c02,25,male,Addis Ababa
fa122829edfde2d8a87c21d1,25,other,Addis Ababa
1fc63dfec1158441998a7364,44,female,Bahir Dar
e5eb141185326ff850545e4a,27,other,Hawassa
342aeae643b275615c2173c8,21,other,Addis Ababa
45c2be0ec1d3aa0b6df1fcd1,21,female,Addis Ababa
a462e22b18bb55b39c6e0eba,19,male,Bahir Dar
3f62acb91047883ea60b6f90,41,other,Hawassa
ee94b68a0ebfe49df8d65db5,35,other,Mekelle
3801b72b5d0a05d7b22a03e4,25,female,Bahir Dar
7e5caee79522624ed72ea241,40,other,Bahir Dar
d918cd239f691a2cb7ea10c1,19,other,Bahir Dar
94989c7803936e7b9979bf6a,25,male,Hawassa
bfdcf5b28258af99b67990fb,24,other,Hawassa
5bf5c8b2c327c2daaf2cf5b8,20,other,Mekelle
6061084da6cc87eb5430a1e2,43,other,Mekelle
ced24f4dde0776c273f8d8a6,44,female,Addis Ababa
80d2a8d1126cbc1115030382,28,other,Hawassa
23fae2a9f622a2459a462212,28,male,Hawassa
0ac2c21b96e9ed3d456b8ce9,42,other,Bahir Dar
c046814d4906624dd2a7f65d,30,other,Addis Ababa
5087165549c9561dbdc8f4f4,29,male,Bahir Dar
3456c3ce9e8d3188c608e17d,39,other,Addis Ababa
1ef11318d197d4831d9590ee,26,male,Addis Ababa
6854be360c33223f04234c92,28,other,Mekelle
b27f515b43f7f3ce5e627371,28,male,Mekelle
f9684b2251a7e0cb4c982de1,43,male,Mekelle
ce7256d6db0ab5b9a2c05ea3,22,male,Hawassa
720ac1cbdc36b8a9dd42cafa,41,other,Bahir Dar
80e859b5c51a33964f464db5,45,female,Hawassa
228f53a22e40e74b736f5808,22,other,Hawassa
f22d1816ac0efe95f6237b98,26,other,Bahir Dar
352fc82c30d63025b6a9ddc9,28,male,Addis Ababa
d164a4c248055f2a237396a4,41,female,Mekelle
c5313fdba0559239cd723834,20,male,Mekelle
1a2525d3a57ec2c6705e8d68,25,male,Mekelle
cf5dd9118528579cfef63738,31,female,Bahir Dar
a73f2f6118893db20ed71493,39,other,Addis Ababa
e91a5acf65ad0bb0fc8e01cc,35,female,Bahir Dar
e76e892c076e91af32e21045,44,male,Bahir Dar
a39c04d0d91e65491eae36b2,40,other,Mekelle
7939651d6f214162d7a59cdd,21,male,Hawassa
7affbd21479903641d5daaaa,31,male,Mekelle
b37f5eac2d55901afff22cd3,36,female,Hawassa
e612e0a2ffd982f16b7f04d0,19,other,Mekelle
ce93072707d5ff50b074e3d1,44,male,Hawassa
0eb2035549e1382d934468ec,27,other,Mekelle
db22cbf32f5fa7d04a444295,33,other,Addis Ababa
7f242e2935c642f5571fcfa3,38,female,Addis Ababa
6bb6635478aad68bfd2b8740,39,male,Bahir Dar
123072c0066ad14d99548c15,38,other,Hawassa
12e12d9a4d5d5972801ff0be,19,male,Addis Ababa
e0079370ff41b1623be2ae3d,27,other,Mekelle
b557c8d3b12c93f585031299,30,other,Hawassa
9cd931ad80c1b4f556f8f02f,18,other,Bahir Dar
70809a5e126d4816d79b7107,34,other,Hawassa
ad31db4185543c161decf619,39,female,Addis Ababa
0e03ad260e6fcb425c630642,44,other,Addis Ababa
a2edf563f547afac80c4884a,39,other,Hawassa
8e3f88bfcef81b69082b0de1,18,other,Bahir Dar
a342897f908bac825741cb4f,25,male,Bahir Dar
0177ef02b3c8a4f0e8f880ea,27,other,Addis Ababa
3d9938ebc9a20493f13befe7,26,other,Bahir Dar
484f587fdd4dd58f0ce2cc67,24,female,Bahir Dar
847f8b986d476a7348f254f6,40,female,Bahir Dar
c3dc12c5ec97f24b8c7ff12b,44,female,Mekelle
ec9c668f30f98e0726d92fbc,41,female,Addis Ababa
005b331f5c44b15e1ed90640,24,other,Addis Ababa
4070c04c3a97528f5bf9a7aa,19,male,Mekelle
a3e2f94cf3d2399d7a951445,26,female,Mekelle
2cee28927fdff0f5dc979b33,39,female,Bahir Dar
2911a97eb7fb3fa7fc817bfc,28,female,Addis Ababa
5eb89ccd14f5ec9c31f99c2b,32,male,Mekelle
4443ab4db15abc427f970414,35,male,Addis Ababa
a91cfd69c36656eeb036a1aa,33,male,Bahir Dar
f66b02033eddb7c8bb4e0bc4,35,other,Mekelle
5fe9ea2816d0bf702f23d3bb,38,other,Addis Ababa
fd5ddf6f7dc37e4e8861158c,41,other,Bahir Dar
12953e82f1bd5e68b78f117e,45,other,Addis Ababa
26d275fe16d94461e312ce71,42,female,Addis Ababa
cbbb18e6f6359c24812500fa,37,female,Hawassa
507be146cb28d7822e3b3a0f,29,female,Bahir Dar
36c29e4b23250b1daabb3019,33,other,Bahir Dar
8c151ee2c16eecb52ac10c30,20,female,Bahir Dar
fe1d320c8aad5683005ee8b1,32,male,Hawassa
55ca9f0d8dd36ac6a3a28bd7,43,other,Addis Ababa
2aa891c3972283617a998829,21,female,Mekelle
96715ca9cd176ed42dfc242a,35,male,Addis Ababa
032bd78183f63b520cb2f203,26,male,Hawassa
fa2e47f330f8cea6d26403f6,42,male,Mekelle
b97d3f4bda71125049215e0c,22,female,Addis Ababa
1719f09c8ddb08cc7b6be75e,43,female,Addis Ababa
50fca2006c66ef43cdfe47a8,44,other,Addis Ababa
b58f9d6be36094ee3d8b432c,21,female,Mekelle
0dc8fcfb1fce7ef72ee7cce4,30,male,Bahir Dar
b6026530f0c250d5315a9315,26,male,Hawassa
a6b93e9f9c5931968dcab593,22,male,Mekelle
0e0a2fd693314324403d2b88,24,female,Addis Ababa
977df26c60925225dc88b3cc,45,male,Bahir Dar
fa02016290d864a92002441b,30,female,Mekelle
7a2301a96664fdfe8cb21734,38,male,Mekelle
f15d2ab02524ec6efc6c7d7c,25,other,Mekelle
63c76398be3a60bb64ec6f33,36,male,Hawassa
32d857c559eac8e4b325c3a7,18,other,Bahir Dar
f05840f7f7527a9625699bbd,20,male,Mekelle
fd74a504e096eaa6bc60368f,23,male,Bahir Dar
1b7fa7240d13af8d9591929e,43,other,Mekelle
0a0ef91b814d1500726af78e,37,male,Mekelle
c048f79141aa29233e0ef990,38,other,Hawassa
ab562fe2e2eb59ce33361929,30,female,Bahir Dar
3f22065be1b6937dd6e7c09c,27,male,Bahir Dar
da664eb740eb3981cf74e6ad,29,female,Addis Ababa
59bf861931d2eb24a030418d,39,female,Bahir Dar
65102f2c1043a34a9b5b106d,33,female,Mekelle
6eca02ca5942f3787578a200,20,female,Bahir Dar
9d2f5fd6b13038084c1e7d1d,27,other,Bahir Dar
0f722a71fb3009ce30469cd1,19,other,Addis Ababa
50a236121d826ba8d6446b81,42,female,Hawassa
6988fa25fa34ddcc5a047165,44,other,Hawassa
708f8474172fe21ae2734d59,43,female,Bahir Dar
1cddf97fe3951a98f61357d1,42,female,Mekelle
6cb0911b7357e2f148f3206f,35,male,Hawassa
f1144df33c36e4c4b6e733ab,44,male,Mekelle
541654cf54bf865aa8a769d3,21,female,Bahir Dar
30929b07f818385e1f97281c,30,male,Hawassa
ff70f6374f8c1c16163e4d4b,30,male,Addis Ababa
31ddeb4dbe4b656c4a0ab137,33,male,Addis Ababa
50c9b1da2d00264c6fdcc2be,32,female,Mekelle
d8bec68149825ac9d14bb093,18,male,Mekelle
a4336f127d6595de9278a10c,26,female,Mekelle
b19810679c08e5751b9c90be,39,female,Bahir Dar
b6ed8acfd7135cdb80aa7554,36,other,Addis Ababa
83d4298abd55d6d26eba42b8,37,female,Bahir Dar
9937b27816f013ffd4346d2f,30,male,Bahir Dar
ea24eddb435864af55e960e7,37,male,Bahir Dar
9a6cf308c61c7e921c4fa93a,35,other,Mekelle
ddf50e1f89778a706c35d94e,25,female,Bahir Dar
5d4abbbe26f9cd492473e986,45,other,Bahir Dar
7f98500b6a554ff886194b7e,42,male,Bahir Dar
39bde623a98744f54cc4a1cf,33,male,Bahir Dar
6fb963aaa1ef0cbb6bb5609b,45,male,Addis Ababa
3b618acd74c10f63055bcfef,38,other,Addis Ababa
dcfadb1e971b301bcdf02e19,21,other,Addis Ababa
ce9fb2e99a27994096328a93,28,female,Hawassa
c735d3a0c59078a73722fc3a,24,female,Mekelle
50833b6940569d3a3a59b7e1,42,female,Hawassa
15eba60e16905e97a3327e24,29,other,Addis Ababa
336fea7511edb0e40c01413f,26,male,Mekelle
89391eac50c48fca14e051f5,40,female,Bahir Dar
c6138b8ffbc256f0ca9ab7d2,32,female,Addis Ababa
756ecd8e75d824a69d112fc4,35,male,Hawassa
d2ca6c932764d6cf3bcbb82a,35,female,Mekelle
292fc3e14288c22d51906c60,36,male,Addis Ababa
7077701b5cd35067818f8447,29,other,Mekelle
481e42ec6db2b146c8f9bcd2,33,other,Hawassa
9e2031640d42fe122fdabd42,34,female,Bahir Dar
54091d4cc19d5313525bc0b3,18,male,Addis Ababa
1f5badb9d769bd39c6df629b,44,female,Addis Ababa
f46e2ff3c9d542f94ab12245,22,female,Bahir Dar
bc43de76270ba4de0923f95b,32,other,Bahir Dar
98ba1f55218f45bf67af4f3c,34,female,Hawassa
f2589de25852f97cd8dccc76,19,other,Mekelle
f4590ffb01c215511d18c2d0,28,other,Mekelle
3cd079ebbca3fb9956bec19f,39,female,Hawassa
8b4115ab037e49a4ecb3407b,32,other,Bahir Dar
2badbe50dd89f5b43b8ef6f6,45,female,Mekelle
a9f8d05647fd2ab2fb3a57bf,45,female,Addis Ababa
84e732db82e7135d0ee1a108,28,male,Mekelle
e326e246f7d0aee5e7f101b3,43,other,Hawassa
7a86aec5962e3e6937c00783,41,other,Addis Ababa
890adf0826fb4128939f24fd,26,other,Mekelle
e4924f2d53ff9175dab441f7,36,male,Addis Ababa
5eb5b442733dc7a3ff5edee7,21,female,Bahir Dar
1e4ee8a9d17e4eb348dcfdde,26,male,Addis Ababa
486a8615a6b98f17b04658a5,28,other,Addis Ababa
0c03d7af0e2f5e70e05a0d1a,38,other,Bahir Dar
28ac22a9aafe0eed1d3c9be9,29,male,Mekelle
d3c13bb889a4ea5c0933f6aa,34,female,Hawassa
52a96e30537701a3c32a02c6,36,other,Bahir Dar
64b1ac97ace88771148f57bf,18,other,Bahir Dar
3f2dc94e29a103852b6960dc,26,female,Hawassa
5bffb0a6e0a503a838ab01ef,36,other,Hawassa
e6ebb15d2a99a1fb4feb496b,41,male,Hawassa
fdf424f1a68f336f437f77f2,37,other,Addis Ababa
1fdc9be1916db4a9f29c58fa,44,male,Addis Ababa
3bc387d3e5f4a45de8e4cc76,43,male,Hawassa
c6d5e02ac59fbfd766863495,38,male,Hawassa
143b25c4f38e24adc6c4648b,25,male,Bahir Dar
11101a5040a5b24ac82aa8f6,23,female,Addis Ababa
9a0a35d9869551f46f48af80,27,other,Bahir Dar
c1cc572628e77e27e2e1d72b,39,male,Bahir Dar
951064af97cbc6bda5999562,24,other,Addis Ababa
27f51909b51c5ba629834e68,33,other,Bahir Dar
ee6ec98e95b48ad1d60fea86,20,other,Hawassa
f2d18be424591ad31df0d8fa,43,male,Bahir Dar
75001ffa200b9534c05fb39d,41,other,Mekelle
3a4c883c12a8964f6dc83bde,39,other,Mekelle
229d8fe3f0d0d2f2633d2030,22,other,Addis Ababa
c003580352548d42def01809,42,female,Mekelle
12f0d7584d21a37c9dc6cb1b,18,female,Addis Ababa
76cd692fcc4267960249731b,34,female,Mekelle
9b5ee1195f985ccc5e48fb6e,34,male,Mekelle
70923e6e04d2a2c08eb33bb7,34,other,Mekelle
41128bdfa64c654255a3014c,19,male,Hawassa
231084e92731683bb5dbee54,35,female,Addis Ababa
597de7790b4c2e93c483914b,40,female,Mekelle
cf321df8bcf2e0e0a0c32dd2,23,other,Bahir Dar
fc7236bb2adbceb10456ec91,19,other,Bahir Dar
0a1abe2b86c16b9d18428dd9,29,male,Bahir Dar
3490504d901ce6922a0cc57e,26,other,Bahir Dar
55fff42c4ea652815d7d312f,25,male,Hawassa
e4406dde396109bc8e558844,31,other,Bahir Dar
f408031d9c0370f017f5537c,36,female,Mekelle
0d1f824b469416acf3010dbd,22,female,Bahir Dar
7f65f5e916b767f405e7b4f0,38,male,Bahir Dar
80f9e5a8472d9b1a8f36a040,38,male,Hawassa
4a5980fa9c90c8892b053a57,42,male,Bahir Dar
a8df6568c39c05cdfb129bb7,19,other,Bahir Dar
680c0cb340966cfab0f43cff,21,other,Addis Ababa
c26d324fd2344fc1172a6a37,35,female,Bahir Dar
b43bac9c6a5380bb7bac18ab,43,male,Hawassa
cf205a34a9729747bb97a04d,36,other,Mekelle
3ca5a04e3ea88939a791faed,25,other,Mekelle
8cd0b5f3aa27e88d99e375c9,20,female,Hawassa
1b13105b4f3e9c19ca01b2b1,39,other,Mekelle
e793401e9be408adab1507c8,38,other,Mekelle
cf41c2638609e438747e4981,29,other,Hawassa
2912ff7e628e589dfde2aa19,37,male,Mekelle
4b8d0a8a1067af1dedf3aea2,20,other,Addis Ababa
eba7a49b60abb2ea0be3c6cb,35,male,Bahir Dar
e0da30ded374d187a1262550,33,other,Bahir Dar
34ec1231a538b94e8191524f,39,other,Bahir Dar
5cc2e7026776855c6eaadf90,40,male,Bahir Dar
674196f2eac7276899f9487f,22,male,Bahir Dar
e4ce15f71539df7e8152bd36,25,female,Hawassa
4cdfce5f8bf8071aab9a5f85,35,male,Addis Ababa
5d43ed73824a9dacf2609c9f,39,female,Addis Ababa
89543e619c2e4bf88918cffb,19,male,Hawassa
6115a60bfefe846576b2be99,29,male,Bahir Dar
d5b4c2910c0a6f813094586e,19,male,Bahir Dar
004d95904782a6a41deed46f,42,male,Addis Ababa
5a37800a739e4e6e543caec9,42,other,Hawassa
030deea91b6ffb3a4bb411ad,28,other,Addis Ababa
a395d85a8a4d27a332d68248,19,male,Hawassa
d0fc9b2b602c4d5c5646f613,40,female,Hawassa
b40b7b8d44c022617c0781f8,18,female,Hawassa
6025db37c61598537dd0949c,43,male,Hawassa
bfe910dbe585d2b50b9eb062,18,female,Hawassa
04669cefe43a8b3f52a642bc,35,female,Hawassa
72fc7694a70813b9a7b8e25c,30,male,Addis Ababa
25f51f127659ffebcf1415c6,41,other,Addis Ababa
5d5b548a5064ed68a8f24029,40,male,Addis Ababa
de55b69a1218cf2ff65c59d4,28,male,Mekelle
fcc085b22902a3716151a0c4,43,female,Addis Ababa
c4668c62666a444a86d6396a,45,female,Mekelle
43caf5179e15e55e56697fbb,31,female,Hawassa
78b9bdb6b3b2f1f00fa81b2f,43,male,Hawassa
3d05ea6c72d60d9b76af54b1,40,female,Mekelle
74ab6f1a71dd2438bf725e97,45,male,Hawassa
d3a8af2621fc0e932a7544f3,31,other,Addis Ababa
75ec30b10f063e7dc74b0e20,27,female,Bahir Dar
39d8a5b6f7407de17df285e3,32,other,Bahir Dar
3bc2f9917e6a238116e3f234,44,male,Bahir Dar
702ee682b67a88cd60de0f7b,38,male,Hawassa
7d968fca37b5248a93c2c267,26,other,Bahir Dar
808065681033770b4505e70a,26,other,Mekelle
72b40d92cc876716e4c26510,36,male,Bahir Dar
ab3ea39392c928125e49910b,32,female,Mekelle
9e8510dedf87f72a77a26095,23,female,Addis Ababa
b2d7a02da3ddc038fcc4ad75,30,female,Mekelle
6dd6809547bb30bc102a2ceb,40,male,Addis Ababa
d11a46d9ef6e0547174cef39,21,other,Hawassa
a0571a411d141ce9fc359cab,24,other,Hawassa
32d40c0b5eb1d9847a094667,40,other,Mekelle
51d6c1c3c731a249cff09bfe,19,male,Addis Ababa
3fd8831f2769501bcb69100e,42,female,Hawassa
8324cc8a8046f021b7b4ac01,24,other,Mekelle
f898b7de2f552bf15cc34457,45,male,Addis Ababa
1a486bb2ceb3b5f6ec5a7cce,36,male,Hawassa
8b1a5a0635c8d568a4f0e32d,41,female,Mekelle
5432eeb14986e0bcd774ba84,21,other,Mekelle
404e5ddd3f263e6d710d6cc0,21,male,Bahir Dar
76bf837164904668abc7eb9f,25,male,Mekelle
54212eecf5bfa5fc9641fba8,34,male,Hawassa
4fb90fc3d6a3e854e0aa9b6a,43,other,Addis Ababa
cc12b6f2d31918216c9ca567,34,female,Addis Ababa
f5c454595dc08c16f953a986,44,female,Addis Ababa
c60c33f666cbf578a0c351d2,18,female,Addis Ababa
c4b5f78d4ea9e0189067720d,40,female,Bahir Dar
dcd352b53ecdd9c519eaeba0,37,female,Hawassa
8f3746e51375e7af398e3b09,33,female,Bahir Dar
65e75a9895b2b1fdeafd85bb,32,male,Hawassa
67ea14cded9d464dab1f8177,44,other,Mekelle
aea43fbac8a833f4bfe56f50,22,other,Bahir Dar
1eefeed9e57f2c21d62dfaa9,32,male,Mekelle
aa370cf7c59829d870d050ff,41,male,Hawassa
2d91d8c6f64e77b158da484b,27,male,Bahir Dar
7a6c6a7c1309acf74efb245c,20,male,Hawassa
fb00de98947d9a2754c48f08,27,female,Hawassa
ba9ab6b4668cafec15f09c5e,37,female,Addis Ababa
e3af29d849540f6672f2b4d9,40,female,Bahir Dar
05182b4e20549f203421dc47,30,other,Hawassa
f41e1837ad63fbb791e27e4a,44,female,Addis Ababa
1b777e7853116aa1ff0049a6,32,female,Bahir Dar
7e821a68a2d8baa0dabc02f4,45,female,Hawassa
9954946029b2c57f851db2a8,29,male,Bahir Dar
d9c522d060815f3264b061d5,43,other,Addis Ababa
9d10ddccf512472a87799820,44,female,Addis Ababa
042f837fa5494203ecd4d9c8,45,female,Mekelle
d66fa1acc852edfc6b604b37,37,male,Mekelle
c82bc3eaf0442b7c63652e5f,41,male,Bahir Dar
8825af28e1b15d8753cb1088,42,female,Mekelle
06a72ef2eb169c5b249bcf25,45,female,Bahir Dar
07ea6259b82824fe928cb571,38,female,Mekelle
8eb5ba81572b3dabbce90968,23,female,Bahir Dar
404d2e734baaa3fe84a952a2,43,male,Bahir Dar
4247225603342acc68d12838,18,female,Addis Ababa
46c247fc3e48a93aedd6b090,43,male,Bahir Dar
d59fa3caf90c3e3055e2e702,36,female,Mekelle
eeb793de008af698d23d497d,39,female,Mekelle
01e8f194a524a06c457b8c98,27,female,Mekelle
f4dd23ae07ad3cb10fd94a71,33,male,Addis Ababa
c0c4db2de22076e294eda522,26,female,Bahir Dar
046f9106a9625a85140cc6c2,29,female,Mekelle
a538baf2ecada272873e1711,39,female,Hawassa
199914eb3036d2cfc45d5d84,21,other,Hawassa
61df4ff31aeccecd8d627d17,30,male,Addis Ababa
5e43f37fc954cd14a5b28e6f,28,female,Hawassa
e4087e5e959f49c26e31c856,24,male,Addis Ababa
a1f246a95d7d1dfb1d2b63ad,37,male,Bahir Dar
ee449c384e84774a6736622d,45,female,Hawassa
207f88d25b94994fdd9b237e,43,male,Mekelle
bc9c5da92796f0e729d5a574,27,other,Mekelle
7c1d9cbc7d692b847e07ee6a,45,other,Bahir Dar
d333405de0d9d2a3d28ebfc8,38,male,Bahir Dar
4389482a66df9e83d125416d,35,male,Addis Ababa
8e66fc1322f66c11e6af5cb7,43,female,Bahir Dar
d8bcaa6d44c8eb1c94bd440f,43,other,Mekelle
12522fb04b89b6ae003883cf,24,other,Hawassa
090c1477bd113d6768f015b4,34,female,Hawassa
8389797f2c017c344a7c2536,24,male,Hawassa
e3a03ea4856f4c39973754eb,21,other,Hawassa
99bee1cd5230a10186f5be72,31,female,Mekelle
6a6f86b08ddc25477152c8fc,42,female,Addis Ababa
391198026085b1db82b6e22e,40,female,Mekelle
4e43c7e4b96e0c9dd40a8f36,37,other,Bahir Dar
e63d002bf80f3454d90af8a1,22,other,Hawassa
e23b943a5aa8bb1c4bca1f23,24,male,Hawassa
e06f3299e8bda6cd58cf1be2,40,female,Bahir Dar
6da71199dd404e877f5e4100,38,female,Addis Ababa
4cd03e084ffa768870da189b,19,other,Addis Ababa
560b18f909d8d68937733b73,23,other,Bahir Dar
2d3e9b499f5ba21c33177546,37,male,Hawassa
e39e99ac93bc7bd5fae0d9f0,43,other,Hawassa
3ef1192a3682eb376d69b4a8,38,other,Bahir Dar
6876b61573583f2dc7dc0f0a,35,female,Mekelle
54891a2a965d833597a294ce,18,male,Addis Ababa
231957b552d2920fe9ce3ae4,24,female,Addis Ababa
d972532af0d8b158bbafb2a4,30,other,Bahir Dar
5c82a9c0c68341c968a9b285,32,other,Bahir Dar
340427147fc3cc54ec96d2e2,36,other,Hawassa
a3d6a402d4c139d7d8e56ac4,26,female,Hawassa
13a0852fce18aaea724d633f,44,other,Addis Ababa
b422c9d60f7b284261bf32a7,41,male,Addis Ababa
3da2e006ca7a2296f02d7cd8,31,other,Bahir Dar
10fa268c5e2c0bd66c95afdf,34,other,Addis Ababa
eaa4b3f4f283c367a9b81f8e,21,other,Bahir Dar
f7b02eba4457d1692ad11c2a,18,male,Mekelle
0e3925858125c19633666321,42,male,Addis Ababa
beeccb1686695c482782907c,23,female,Bahir Dar
bcfad9dae9f70757bfb2abfc,38,male,Addis Ababa
ca060e62b5a33daf144e74ae,39,other,Mekelle
59c71ceea2dca99a54e66f99,34,female,Addis Ababa
d925f4c1c2be2ed8900dd494,40,male,Addis Ababa
f746ed01c447ec71d9ac79bb,23,other,Bahir Dar
a3c64de0d546006d9e61102b,38,female,Mekelle
a86b86dc5f68c14572f21b4a,26,male,Bahir Dar
5bb7b8538b5efb5d40a16122,27,female,Hawassa
58a95cf029573fe6e8db2fa7,26,female,Mekelle
eb38683c508a4528d9f61002,23,male,Addis Ababa
cf9ac810844c4655d9eb6910,42,other,Bahir Dar
9428c328bd4dc1dc2707c6b9,19,other,Hawassa
cb51e0e597549cd30e7a1071,44,male,Addis Ababa
32b8d162a5483a1edf0f431a,18,female,Mekelle
8918cfb005842270d6552156,43,male,Hawassa
030bc6f818b996a2028c7bfc,41,other,Addis Ababa
cb1f70162c5c7132c0c03678,41,female,Addis Ababa
bb2c6c1bb30c7813350e2f74,19,male,Bahir Dar
80f38111bd1657af7df92e8f,25,male,Mekelle
e1fdeeefda912cdb31b98116,26,other,Mekelle
3ecf14029adca646f3ab5002,39,other,Addis Ababa
db7f0822b64916e55f662705,43,female,Mekelle
6c994cf8700f29e9f8800105,36,male,Mekelle
01a23508dc9af870fd3ef232,29,male,Bahir Dar
fe77823cead8ff22c329ef91,29,other,Bahir Dar
f3de3357490f7e78f21ea0c6,38,female,Bahir Dar
d67976e3203d1515ab6c8585,20,male,Mekelle
cb6904e16c94aa2bac0ee353,29,other,Hawassa
001b39c23f31f8ce9895e49e,22,other,Bahir Dar
7fd9ba3e724e7dcf9a361a46,25,male,Addis Ababa
601820f7d24ea1228e8b8f20,44,female,Mekelle
c3a78d023ebe53966f18826b,30,female,Hawassa
94414aaed64de30bc7f8a1da,43,female,Addis Ababa
71a01bc5ddcad052346fab4e,39,female,Bahir Dar
3a461bebb9fa92771b739916,39,male,Bahir Dar
6209bd3f1b2d79d455cf8264,33,male,Mekelle
95db5b25ed63a21308728df8,20,female,Addis Ababa
b77072409ef9109b3f81a173,23,male,Bahir Dar
7bb3a99055308ae37374d3d3,24,male,Mekelle
d9223ddd46ec4bd944dd8586,33,male,Addis Ababa
b185345c7e77017113b10b7f,35,female,Mekelle
40db5ed3ba4f3edb69875f5b,41,other,Mekelle
bfcaa19874a7aa53847cb0f1,34,other,Bahir Dar
9623e1fc2104c5f0968cc529,36,other,Bahir Dar
ceea7dcb9de12f4bc4a96b7a,23,other,Hawassa
78aac03eacf9ffe060290f2b,19,female,Bahir Dar
920521f26f6cb7d8efc395f5,31,male,Hawassa
7f1c9f60a743dfe4ed3baf02,28,female,Hawassa
7bae24bbd9471f0c4c0721b0,42,female,Addis Ababa
8876b74f898624be3001e63d,38,female,Mekelle
ba815e4efd6bd2622fc78ae1,27,female,Mekelle
8d0347e9623458f59ab119ea,40,other,Mekelle
65a843777bb865722969ec2a,40,male,Hawassa
9c7c94efbae969017287c9a9,40,other,Hawassa
9add9c4fccfcdc39bb4a1c31,37,male,Mekelle
af38b6d983126a3a1ac3d497,24,male,Bahir Dar
317209307ea0a0b7612a5551,33,other,Mekelle
bd1232759c9c0f179c3e3a71,42,other,Addis Ababa
dde24bea3e605ed9006a422c,42,female,Mekelle
427d101d9dd345bb2c99c932,40,female,Mekelle
19472b486486ca295f13ca40,19,male,Hawassa
692f7f2f951e76386fcce382,42,female,Mekelle
fca6d7eec2c6379c3bdf65d1,41,male,Hawassa
1abf39afc0170da161b45b0e,27,other,Hawassa
5025239d0c254f07fb46e3b6,34,female,Hawassa
90645c5d9f167d6ee08147e6,21,other,Hawassa
91dd3e1a886434b3773114c4,30,male,Addis Ababa
3db11ef03db3a322580ace6c,33,other,Addis Ababa
ff25daff2fc7899e346fa0da,31,other,Addis Ababa
2e311e3b24e93d42e56acf2a,44,male,Bahir Dar
d6461479e80844796af7b25e,26,other,Addis Ababa
0a002b3f58e42f0c7830cee8,20,other,Bahir Dar
7cb2440745893da6c43cdb40,26,other,Bahir Dar
cd6b265ea1abd5d7f5b4abe3,27,female,Addis Ababa
542f8d4dc2394b04f39e4bbd,40,male,Addis Ababa
af475451721c06b180de5bcb,22,other,Addis Ababa
42fc03ff016631ba30491b79,36,male,Bahir Dar
2e218d21bda1adfeaa208018,44,female,Mekelle
1b26598ab4d0c482efb5018a,22,male,Addis Ababa
9e8bba9ae5e66b931531727a,32,female,Addis Ababa
96f5a603f7310c88e57f27f4,45,female,Bahir Dar
2a4c786e2a7df24477f4b639,28,male,Addis Ababa
8041ee19f6c53143fa30bf06,20,female,Mekelle
bee2fbdd0984d5788b118aea,35,other,Addis Ababa
6c9b263543b5e2e3204e4515,21,male,Hawassa
d8a64267ac134dcaa3ef17b3,19,male,Addis Ababa
134df5c8f4f1c46b868d5c78,39,other,Bahir Dar
1f079a6cf315342b89523f14,37,other,Bahir Dar
5f0104ec5a6dfa67081473a6,19,male,Mekelle
31f88c814d8136ac852dec8d,35,other,Hawassa
f413d240cf82902548e30216,27,other,Addis Ababa
22fff77b3c9f4b07063f5d7f,23,other,Addis Ababa
86f5debf1858af605fd84432,23,male,Hawassa
f2ac2b7c38c8dcc60e3c1aa2,43,female,Mekelle
b067f8ea6f5e74b2e34f9bf9,33,other,Hawassa
233271a4e61c91419c092240,36,male,Hawassa
7d6a897a428f37c8de402cec,36,male,Addis Ababa
66da64e576539b815caaae31,37,female,Mekelle
283f0ef39217cd6991a60fab,21,female,Bahir Dar
09acd22f847666ad2520fba9,43,male,Hawassa
28b4a57b127abbcf47587cb5,44,male,Hawassa
73276a2cb00dc1faae0edc05,37,female,Addis Ababa
11c33fbdd8107d26b31186f6,37,male,Hawassa
35623c834bc75c57c744ef08,44,other,Mekelle
c6322617d44a3255faeefbbb,23,female,Mekelle
77913ddc256c6735cec0fcca,39,male,Hawassa
18de375341662a242cab6ec9,19,male,Bahir Dar
5ba3ed09424181ec0e848d17,42,female,Addis Ababa
24ae7205a3ec25da56e9a57d,26,male,Mekelle
d7e8250d6b260d71a32d85f1,31,female,Addis Ababa
458e5128fac32056e55da46f,20,female,Addis Ababa
3fbef0e6204c598955592e0e,29,female,Mekelle
6f69fd92fbe00b817578cfd2,38,female,Bahir Dar
1d10568eb523d65634affb1b,33,female,Addis Ababa
01d17da1f33f116ac9dbbfe6,37,female,Bahir Dar
40c475f4530824933868adf7,19,female,Hawassa
fa3c7b220b04650a239663c0,38,female,Addis Ababa
87f28c8ab81ed72dbe8d1916,27,female,Mekelle
a03ac8a2ab80ec3968308efd,38,female,Hawassa
76bad762473acd06ece6e40a,42,other,Bahir Dar
8531d563dbee9ee04628e802,31,female,Addis Ababa
416e43449c746433fd2f2ccf,29,female,Addis Ababa
36e6266f40eb3ec40d00fbe2,31,female,Addis Ababa
e9827fb99ddfc1d549a70369,23,male,Mekelle
5d3252ba2f8c7046622aae1b,27,male,Addis Ababa
8c54a98e9832cbae61dcc363,38,male,Addis Ababa
fb6a9e23ccf091e1d27658f1,44,other,Bahir Dar
98601d8738eb89b539102f39,33,male,Hawassa
b2d7368e27b43cd83aca05b5,29,male,Bahir Dar
02beac63cb04b89ec0c682a0,39,female,Hawassa
7a5fa011c90159f1d2f2f0ad,34,male,Bahir Dar
a5c3c0c63acc062c91886550,36,female,Bahir Dar
3ce7644a09bb4072219752fb,29,other,Bahir Dar
56c82de2993bb618a715074c,40,male,Addis Ababa
f961f772decd1fc466e197d1,39,male,Addis Ababa
9ddf268582e6a5f515a9dd3f,33,other,Addis Ababa
32d39738ee98a3b0972973a3,19,other,Bahir Dar
8dcd032b7a38e76d54de2313,45,male,Bahir Dar
85a77c9982df6d0128c2607f,26,male,Mekelle
c3471f334e1fbbac6080a2a5,41,other,Addis Ababa
baa670a69ab1f5ce91162a41,28,other,Bahir Dar
190ee757d80d1e054a097883,40,other,Bahir Dar
5d0267881f0efd1672f56a0b,22,female,Addis Ababa
d502c70910cbd986abffc770,37,other,Mekelle
d8b2b206316553d37e8be22b,42,other,Hawassa
b6859d89101dd3d33857187e,43,female,Addis Ababa
aec00401bc048f5edb102fc3,45,female,Mekelle
2346b3d3fe5cb07959389842,27,female,Mekelle
5b89d17aaaa6033be7e9fc42,23,male,Mekelle
58cd5d84221d5be0655b9d08,21,other,Hawassa
99f3236903c6984fbcb061ae,23,female,Mekelle
a661a5222ca39e8c411ba748,18,other,Bahir Dar
bf16846d74158b9173a0bd69,42,female,Bahir Dar
e6e1585965eda0dc2378c915,26,male,Bahir Dar
b9dd8c83459508890e461d61,34,female,Mekelle
69e4dc2457b993edf4f81935,31,male,Hawassa
5ebad79c7d27e9fbea6cf27c,35,other,Hawassa
9cbe2d17b3093c02c2926c8d,42,male,Hawassa
0ee86830f5ba21a6a9d1c687,32,female,Bahir Dar
e55bc2ab3f53648be6df0e2c,42,female,Bahir Dar
6cc4f0ceac84ea8226626d50,38,other,Mekelle
3876608384b45335d15a95b0,29,female,Bahir Dar
a613080396eaece5422f14cc,38,female,Hawassa
e8aafadee7999dbc15615cb6,27,male,Addis Ababa
5888a935bf6e8d52579cfa48,34,other,Hawassa
110b258dd7ba753074ca8bac,39,other,Mekelle
b86cdfcc5817b1930b519a3c,30,male,Bahir Dar
95551db16cab6665f5ba8a7c,31,female,Bahir Dar
dbc4f8373a2539c0bea0681e,19,male,Bahir Dar
dba3c1898f5312f602885524,34,female,Addis Ababa
2c5cb17a5a684a6a7d9476e5,31,female,Mekelle
ece273e403873728705dfa8e,42,female,Hawassa
b8edeed2b5e725573aee848b,42,female,Bahir Dar
537092e51ae7b75d375b185c,29,male,Addis Ababa
467a3e711ba7994a8f5ba2e8,23,male,Hawassa
a9269bdcb1fe1a7dd10604ee,32,other,Mekelle
9f23c834915dd978669640d3,43,other,Bahir Dar
2bf4cced0111d16cbfff31ae,35,male,Bahir Dar
a3146e0c73b9971365aa6abd,26,other,Mekelle
762a562ddccb3375d36202c9,19,other,Mekelle
cda5bb633058aee2b03e709d,18,female,Addis Ababa
9f2380a2c2477b2e784a374a,42,female,Addis Ababa
421bf96f3b6ed8120e15c4aa,44,other,Hawassa
6ac635c12202fe973f4035ab,39,male,Bahir Dar
6505a839d2daeb30c3bddcb4,19,other,Addis Ababa
2ab60a75fd908cba06585bb6,18,female,Hawassa
61c52d1c395b7c5533039950,26,other,Hawassa
cf1190ebe9b098e1ac81fa5d,29,male,Mekelle
2b4a003d14ee0bffe88901b8,19,male,Addis Ababa
636d7d5e7cce28ad60aef7a2,21,female,Hawassa
218933c7db4cc9fd0daa3d81,29,other,Hawassa
f5473626657bac9e1e55fbc8,42,other,Addis Ababa
e7c6936af62c4c4a1746f0c8,22,male,Bahir Dar
46fdc7d662c18f8972fd2215,34,female,Mekelle
519268e27f2327cd3345ff9c,35,male,Mekelle
62646af18a3d6d18af60eb84,19,female,Addis Ababa
eb56befc2811d0bf43089296,32,other,Addis Ababa
a58d4c18da4ea4c517fd9313,38,female,Addis Ababa
5f8ea70387c3a3637c5ebd11,29,male,Bahir Dar
322bb67db32f91dedcca9305,27,female,Hawassa
a958b0a772d751498649aec7,31,female,Hawassa
1ba3ee640de498b901ff4cdc,28,female,Mekelle
376ca87dcbf385729bd4904a,31,female,Addis Ababa
18ce51a5f422faa0713add10,32,male,Hawassa
76ae6aadb215a694c747d33c,36,female,Mekelle
302d6adf564fda70a6b9bc06,44,male,Mekelle
33f9a537ad66e4b06c8e26ac,24,other,Mekelle
84a55a3e0e04bfc57174431c,42,male,Mekelle
7731987ec89bc47d770d0001,31,female,Addis Ababa
3171bdcb7999c60c75d39f6a,22,male,Hawassa
534570227323443c3a1559b9,19,male,Addis Ababa
248e0906f21c0d2867b30bfa,19,male,Addis Ababa
7b9056d69911d6adaf9c3ef6,18,other,Addis Ababa
683d3dfbe37c78b212529ef4,32,female,Addis Ababa
63601b85cd7bddf8ab53e16a,21,female,Bahir Dar
2e9e739fdd31d8b997861465,20,female,Bahir Dar
0a975e1beecd1d7b2a1d6b53,25,other,Hawassa
4af562e3c941ec21a3da4763,28,other,Addis Ababa
cfb10dba51a6dd9294f435c1,22,male,Hawassa
faa0e37c9b5eb1669794df81,35,other,Addis Ababa
38927d7a19c712f1e0a9951b,22,male,Hawassa
8232543830dcc36a6086049b,33,female,Hawassa
2c1fed013b153dc643822bd4,35,female,Addis Ababa
8f4643f08d53787c90c00846,22,female,Mekelle
c551c0a0ed4ff7158f03bc7e,20,female,Mekelle
d79a0547b2b53c7c51bdc382,32,male,Addis Ababa
47c410d69b5291da1e5f5c5f,32,female,Addis Ababa
955af6244949348bd9a8b209,33,male,Bahir Dar
1dae484be2d87cf3ab0e5e97,39,other,Mekelle
d60cada0d2e561c1f428016d,30,female,Mekelle
0d9df16e6d86c5b1d880fb15,37,other,Hawassa
6bcf45b7d0ab454cfe83e0dd,40,female,Addis Ababa
f25e5335417296d20350237f,27,other,Mekelle
5904b52f931b584d9fb2762f,26,female,Addis Ababa
b5391766946d1e6b38414369,27,male,Hawassa
ad4a862bc2c73b1c9cf8e41e,43,male,Bahir Dar
57a4189eace3266bb0ad8f1b,21,other,Addis Ababa
2eac58883ff430b1b0ba4d6d,37,male,Mekelle
20458a70589f34f86554fcfe,35,male,Addis Ababa
9aa9f6efe841cf37bb117a92,18,other,Hawassa
89fee212a9bb0fc6b18eb98c,24,other,Mekelle
fc123426459211adcbbbab93,20,female,Mekelle
a8fb26d5232cb11a9111d301,19,female,Bahir Dar
7e2552ad17d35f7fbb37005e,41,other,Mekelle
99a89e3c2a57f63c26a6aee8,23,male,Addis Ababa
1c83fbacfe7a64b9fdcc8774,21,other,Bahir Dar
dca6a806efacceafaa586ab6,37,female,Hawassa
1f39de146dc39c75fb0b1094,26,male,Addis Ababa
c6e5f4789d729f3a665e6fa7,35,other,Hawassa
f3e8715ddd7e0f156196e483,29,other,Addis Ababa
0c9ef022ae3b620f57bf27b3,21,male,Addis Ababa
baa9fb4bddfb4f749dd0b076,35,male,Addis Ababa
c0522e0d1b5866f6d2046da2,26,other,Bahir Dar
85dc079c09c1c29830c1645a,18,other,Addis Ababa
baa646d9fd27469e8e944ca8,31,other,Addis Ababa
801d281f25c71b579ec107e7,31,male,Bahir Dar
660274ba169632b02782a77f,18,male,Bahir Dar
81d37184ba3d8fd09895aa72,20,other,Addis Ababa
1204a4fe3bd7a1469c0b56ed,27,female,Hawassa
7700aa7fff4a1b0fd5461521,44,female,Hawassa
e8aff11acfdc418666997f33,35,female,Mekelle
fd45c0e402ba0a500485bbd2,22,other,Hawassa
f90d765f652fee5b0ba1f905,40,other,Addis Ababa
3023c74e938e5aa0ea442ed5,31,other,Hawassa
7f73b4c311a6560e2592cfdf,25,male,Bahir Dar
c34f11ffec291669035346dd,36,other,Addis Ababa
c19755ca37d850ef3e376339,26,female,Bahir Dar
051732c472ad52a3916ab431,25,male,Mekelle
031e9f4a1f4d44170922566e,22,male,Addis Ababa
21b43fba96e87095c8b48e55,21,male,Mekelle
b8c7ac53addb404c23a94f5e,34,female,Hawassa
dd77ef2992da37cd91a1572a,27,male,Mekelle
bdea77455da88ce865b39fb0,25,other,Addis Ababa
2a1f59474e768105397919d7,45,female,Hawassa
1f3fc2bd2625781e6c0971ab,27,female,Addis Ababa
3ac42f0a2a6ecd8a6c96532b,19,male,Mekelle
be3ce789530210faae988d13,27,male,Mekelle
5e9526309170ea3b4e159762,36,male,Mekelle
d37931641feee0af5e928bfd,31,other,Addis Ababa
f4e6dd1ab1b2e863388fe0ff,43,other,Mekelle
65e33cbd1a3fc94f1fbb9a5a,35,male,Hawassa
0ddbeca8d56940d93ae4bfd5,32,male,Mekelle
cc11da7bbea54e4b5cb042f2,40,male,Bahir Dar
ed12b5cfb1505c2797c33356,22,female,Hawassa
feefa653589a399f4e1de3d4,34,female,Hawassa
8213e80820c789629d90be94,37,other,Hawassa
57c33500e9006cd8bd4404c0,21,female,Mekelle
c4cfd1785fc353d4a27ec358,26,other,Hawassa
